Month;City of London;Barking & Dagenham;Barnet;Bexley;Brent;Bromley;Camden;Croydon;Ealing;Enfield;Greenwich;Hackney;Hammersmith & Fulham;Haringey;Harrow;Havering;Hillingdon;Hounslow;Islington;Kensington & Chelsea;Kingston upon Thames;Lambeth;Lewisham;Merton;Newham;Redbridge;Richmond upon Thames;Southwark;Sutton;Tower Hamlets;Waltham Forest;Wandsworth;Westminster;
Jan-95;91449;50460;93285;64958;71307;81671;120933;69158;79886;72515;62300;61297;124903;76288;84770;68000;73835;72232;92516;182695;80876;67771;60491;82071;53539;72190;109326;67885;71537;59865;61319;88559;133025;
Feb-95;82203;51086;93190;64788;72022;81658;119509;68951;80897;73155;60993;63187;122088;78901;83396;69394;75031;71052;94342;182345;81230;65382;60869;79983;53154;72142;111103;64799;70893;62319;60252;88641;131468;
Mar-95;79121;51269;92248;64367;72016;81449;120282;68712;81380;72190;61378;63593;120636;78522;83416;69368;74189;72098;93466;182879;81111;66337;60288;80662;53458;72501;107325;65763;70307;63939;60871;87125;132.260Ã’;
Apr-95;77101;53134;90763;64278;72966;81124;120098;68610;82189;71443;61928;65140;121425;79546;83568;69444;73911;71890;93344;184177;81673;66389;59471;79991;54480;72229;106875;63074;69412;66233;60971;87026;133370;
May-95;84409;53042;90258;63997;73704;81543;119929;68845;82077;70631;63513;66194;124434;79374;83854;68535;73117;72877;94346;191474;82124;69035;58551;80874;55804;72367;107708;64420;69759;66433;61494;86518;133911;
Jun-95;94901;53700;90107;64252;74310;82383;121887;69053;81631;71348;64752;66921;126175;79956;84173;68465;74005;72331;97429;197266;82206;68881;58041;80705;56068;72279;112865;64156;70125;66232;61548;88114;134562;
Jul-95;110128;52113;91441;63723;74127;82899;124028;69142;82352;71838;65486;68391;124382;80746;84227;68681;74671;73718;98976;197963;82526;69609;58126;81056;55458;72881;114657;67025;70790;64692;61934;89831;133450;
Aug-95;112329;52232;92361;64433;73547;82054;125530;68993;82707;72238;65076;68097;123625;81218;84431;69023;74968;74480;98951;198037;83343;68840;58151;80781;54709;73275;112320;65526;69958;63472;61916;90561;136582;
Sep-95;104473;51472;93273;64510;73790;81440;120597;69394;82011;71725;63997;68753;123094;82143;83607;68108;73844;74427;99583;197048;85111;70156;58743;80825;54586;73204;110425;63467;69937;62178;61548;91374;135993;
Oct-95;108038;51514;92567;64530;73264;81862;117458;68935;80523;72349;63405;67620;123443;81791;82493;67426;72993;73643;97580;200006;85727;69616;58073;79569;54790;72917;108407;60886;69964;62066;60573;90246;134513;
Nov-95;117636;50849;90883;63846;72782;82558;115419;68880;79272;71988;63744;67238;121930;81130;82246;66182;71760;73047;95030;199675;84557;68054;58075;79913;54324;72394;109130;61725;70608;62414;61543;89476;131741;
Dec-95;127232;50945;91134;63817;72524;82966;118739;68407;79700;72391;64105;65865;122723;81327;82054;66747;72746;73499;91095;200722;83584;67199;57700;79581;54521;72587;108567;62394;70205;63986;61390;88478;133394;
Jan-96;108999;50828;91111;63996;72806;82210;119560;68006;80214;71544;62417;66327;126914;81677;83216;67347;72869;73377;89406;198312;82561;68780;57838;81277;54376;72861;111174;65753;70031;67552;62060;89092;133843;
Feb-96;93357;51441;92430;64504;73084;81419;123371;68032;80836;71070;61714;66988;129463;83073;83765;68749;74778;73082;89930;195950;84365;72306;58274;80460;55117;73535;112961;67876;69291;71070;61589;89095;136229;
Mar-96;93707;51907;91410;64788;72780;81633;124723;68270;81011;71544;62475;67707;134457;82828;84305;68852;74650;71603;90158;197477;84656;71762;58483;80063;55012;73850;114700;68867;69732;69638;61695;90461;132810;
Apr-96;120543;51724;92394;65286;72370;81481;129159;68898;81041;72517;64645;67062;131884;83631;84109;68377;75171;71630;94201;201218;86285;71664;59520;82034;54701;74676;114881;69598;69485;66727;61467;90408;134668;
May-96;112050;51736;91059;65081;72995;82372;135336;68832;81821;73630;66462;66986;130970;84139;84738;68156;74454;72829;97260;202341;85939;71386;60173;83678;54651;74311;117000;68910;70838;65602;61075;91533;133051;
Jun-96;114226;50761;91978;65120;73498;82946;143862;69052;82562;74158;66510;69124;128464;84690;85387;68488;74621;74539;99610;199343;87987;73469;60284;84551;54390;74998;117604;70413;71884;67437;61425;92090;138852;
Jul-96;97547;50621;92444;65151;75551;84089;147974;69400;84005;74456;65526;70785;131196;84659;86061;69236;75309;75037;100538;207443;87525;73809;60187;82609;54977;75514;119030;70235;72810;69424;62047;93215;139436;
Aug-96;114179;51105;95516;65960;76914;84400;142462;70480;84824;75286;65993;71789;133758;84154;85977;69854;76170;73861;100572;209218;88158;72820;59695;82862;55884;77111;117525;70408;72524;69860;62662;95216;144182;
Sep-96;108138;51893;97490;66501;78667;84676;136552;70697;85674;75749;66181;71817;133458;83730;87203;70792;76586;74747;99715;220388;88162;72935;60733;84808;57312;77310;118813;70906;72293;72296;62669;94932;142223;
Oct-96;98934;52533;97844;66659;77991;85513;133850;71406;85595;75934;67116;71158;133292;85169;87899;71004;77180;73999;100372;217286;89015;72307;60855;87510;57467;76939;120264;70748;72617;73388;62781;94305;144137;
Nov-96;99707;52216;97155;66354;77914;85781;134128;71398;86230;75977;66593;71090;133748;87006;88481;70651;78116;75191;100404;223197;89552;73356;61187;89154;57501;76479;121754;73856;73947;74419;62948;92964;143427;
Dec-96;106427;53854;97174;66486;78262;86049;134749;72097;86863;76879;66609;70138;136940;89258;89980;70670;79138;76746;102669;213709;90009;74737;61411;88983;57576;76719;121989;73838;74371;73725;63711;93930;147407;
Jan-97;116343;54459;98559;67351;79664;86846;135956;72165;88092;77693;68147;69886;138214;90471;90164;71622;80554;78300;106085;225231;91652;78248;61488;89455;58374;78163;122725;73822;75080;74439;64070;95748;150842;
Feb-97;111142;55451;100076;67981;81213;88201;141531;72207;89942;78081;67836;70506;137049;90606;91897;73211;81021;77535;108100;230873;92613;79064;62432;90557;58608;79164;124771;71982;74760;80441;64743;98999;153231;
Mar-97;107488;55005;101130;67824;82322;89765;143444;72230;91027;78402;69326;72210;136633;91016;92394;73757;81683;77908;111170;237079;93820;79199;63214;91744;58996;79278;127130;73292;76247;82804;65097;101248;158273;
Apr-97;108480;55280;101201;68471;82771;90000;143592;73528;91991;79604;69274;76011;139932;90862;94334;74405;81308;81008;112635;238468;94919;77778;63627;93017;59362;79359;128897;75551;76417;87751;65569;103283;161637;
May-97;115453;54937;103287;69353;82730;91230;148617;74830;93697;81701;71221;79503;146514;92976;95984;74400;82645;84064;114851;236535;97263;81000;64257;93984;59411;80730;130648;78892;78807;85916;66496;106244;166046;
Jun-97;118317;55287;104609;70764;83876;92199;148336;76819;95819;83859;70854;80359;151782;93539;97210;74568;84254;84383;116421;247303;97628;85372;64964;95283;60192;82489;134409;81802;80213;88146;67371;109285;164894;
Jul-97;117034;55659;107235;71130;87637;94717;148941;78690;99752;85030;72558;80580;153057;96822;100147;75665;86571;85577;117486;254978;100235;91999;66950;97283;60571;83540;137951;81759;82549;87751;69363;113114;165481;
Aug-97;113585;56507;108730;72141;90164;96754;145623;80606;102078;86409;73572;80279;158848;95978;102722;76927;88005;86594;118041;257691;101607;91972;68313;98365;62038;84855;140246;83842;83354;87897;70330;112449;168254;
Sep-97;115159;56306;112380;72830;91473;98920;151748;81653;105119;86688;75519;82295;163909;99362;105602;79095;89720;88805;118745;256336;104934;92522;68944;98849;62700;86034;143957;85518;84293;88180;71028;113410;172825;
Oct-97;121251;57200;114515;73379;92208;100216;157898;82352;105477;87915;75960;82126;166851;100147;106771;79892;90591;88643;119595;251863;105335;89224;69318;97626;63548;87905;146080;86214;85649;88055;70871;112445;174358;
Nov-97;131074;57575;115356;73620;92895;100903;167189;83177;105042;87988;75273;83135;164070;101849;107853;80399;91872;90149;121457;258398;107889;91413;69405;99428;63681;88281;150440;82747;87381;88188;71402;115121;175552;
Dec-97;130035;58025;115521;74630;94036;100945;168839;83834;105634;89945;75273;81231;163820;101530;108718;80642;93143;91463;122034;265112;110385;93057;70897;102799;64176;90666;152620;81288;88380;89546;72405;115955;173978;
Jan-98;124382;57559;115902;76863;93746;102342;169012;84643;107575;90496;76900;83516;168222;101024;108856;81340;93724;93428;122749;269224;112996;96231;72382;105283;64962;91622;152270;82410;89866;90192;73503;119265;179527;
Feb-98;143829;57360;116995;78065;95171;103543;162345;85365;107332;91921;78919;82417;172034;101655;108953;82785;93383;96347;124117;270629;111799;97302;73373;104419;65452;93396;151211;83946;89954;90684;73700;119030;180294;
Mar-98;156508;57908;118866;79062;96097;104597;163829;85751;107112;91817;79751;84204;174468;103783;110598;82752;93129;96431;124790;265000;109702;96672;73598;105517;65552;92292;150026;85932;90572;91785;73231;121700;189293;
Apr-98;163403;59196;120487;78423;97849;105240;165652;86037;107301;92143;79996;83176;175880;105381;111934;84098;94828;98462;127269;270216;109781;97598;74803;106270;65690;92631;153490;89015;89856;94496;72767;124439;194817;
May-98;143625;60356;122608;79408;100109;105760;169049;86236;110006;91518;81288;86573;173620;108353;114375;85047;96743;98010;131978;273275;112487;99378;75874;108041;66605;92893;154920;89632;90466;96080;73940;127832;197806;
Jun-98;132251;60583;122490;80322;101400;107198;172582;86840;112667;91219;82753;87176;173110;109314;114889;86703;98079;100370;139643;277600;116420;104807;76541;108642;67631;95028;158949;93386;91130;97173;76353;126163;191821;
Jul-98;140377;60412;124040;81580;102925;108989;175848;88133;113803;92697;82868;91550;176248;110177;118111;87049;98352;100864;143693;272128;118317;107921;77548;108647;68413;95613;160232;93503;92125;96482;77312;126028;188999;
Aug-98;148993;60837;125041;81775;103240;111457;176576;89331;114531;94160;82799;89590;182846;111526;118586;87174;99459;102692;143531;271068;120298;109637;77655;111213;69055;95984;165706;95488;92560;98577;77016;126715;186698;
Sep-98;152807;61485;125320;82217;104174;112709;173335;90928;114786;95474;82748;92146;183796;110683;119232;86823;100097;103553;141481;266527;120943;108289;78308;110274;69125;95692;170784;93807;93303;98087;76474;130163;195119;
Oct-98;162020;62005;125719;82767;104399;112592;172385;91165;114190;95077;82374;88623;177413;110847;117105;86775;100998;103557;137820;262419;121774;107016;75821;110666;69597;96576;178761;94680;94599;99342;76937;128482;196667;
Nov-98;152387;62240;125086;83838;104827;112197;174582;91461;114160;94977;83127;91616;174444;108927;117229;87508;101277;102070;137652;255844;121898;106182;75228;109274;69398;96240;180444;96759;95133;100982;77342;128841;196670;
Dec-98;155801;63488;125757;83264;104375;112814;173072;91828;112653;94863;84872;93847;172011;107368;117471;89172;102042;101169;135066;266271;120382;107116;75339;108353;70576;96205;178679;98303;95481;104182;78115;126224;188672;
Jan-99;149143;64532;126189;83064;105461;112544;170961;91179;112914;94831;86685;99489;178179;107523;118611;89521;102147;101234;135270;278269;119773;106119;77528;109274;69439;96338;174889;100115;94888;107464;78117;126280;188601;
Feb-99;164545;64166;127017;82928;105818;111889;173480;91102;113767;95082;86117;98976;177830;108704;119072;89272;101774;102182;137961;289467;118098;107158;79267;109397;70159;97154;171216;102573;94864;105113;78645;122987;198481;
Mar-99;174586;63528;126902;83334;107528;112486;178877;91471;115215;95551;85175;98492;181256;109969;120273;88939;102525;102927;142815;285638;119697;106659;79579;114816;69459;98313;169590;104235;94881;102998;78934;127450;205497;
Apr-99;191157;63580;127883;84267;106234;114994;182926;93440;118844;97457;84727;98420;183111;111510;121329;90145;103632;104553;149722;283232;121128;109746;80440;116424;70791;99209;168780;104884;95455;101336;79754;130610;208213;
May-99;191081;64508;129393;84513;106089;117944;180781;94895;121735;99422;87081;100036;188009;114016;121249;91042;105696;107062;152447;291011;124602;112374;81887;119216;71397;100043;170752;103566;96908;105613;80973;139289;207511;
Jun-99;185993;64704;132608;85021;107313;119895;185845;96008;124015;101265;88406;102701;194147;117650;122935;92572;107688;110970;154915;300774;127260;112867;84096;120264;73247;101167;173667;102710;99179;109233;81739;143191;207264;
Jul-99;164056;64921;136102;85713;110807;121699;191808;96700;126198;102427;90491;104317;200248;122748;124986;93171;109614;114021;155872;309698;130427;117305;84693;122197;74420;101993;179381;104363;101023;113502;83839;151141;212332;
Aug-99;160905;65385;139741;86489;114279;123501;198650;97742;130341;104178;91885;108552;206929;127102;129398;93855;110657;117901;161064;317394;133296;120470;86544;125514;75708;103992;185242;110012;102594;115474;84740;157424;215078;
Sep-99;166193;66003;143596;88719;117070;125782;203513;99323;134669;105624;94542;110407;212565;132072;132089;94554;112081;119391;166652;333918;136296;125138;87576;128106;77254;105369;190023;119480;103960;120786;86955;161457;226465;
Oct-99;163490;66367;145287;90657;119229;128022;206707;101977;137400;107849;96499;112403;215275;130916;135108;95636;114178;119750;169146;341202;139655;125678;90084;130654;79289;107812;192255;125224;105847;122838;88551;161755;227557;
Nov-99;175143;67344;147825;92722;122663;129998;209300;104762;138555;109730;98617;114772;221982;128756;136751;97259;116884;121084;170172;352620;141565;126668;91595;132579;80778;110839;200454;124126;108952;125415;91421;160897;234440;
Dec-99;169309;68812;149510;93905;123398;131735;210240;107480;141687;110428;100325;117831;227285;130036;138450;98706;120228;123809;171040;354241;144567;129214;93053;134376;82366;113057;205019;121923;111886;126650;92190;161596;237074;
Jan-00;173738;71079;153676;94978;126785;133997;217700;109119;144352;111689;102411;121135;229465;133953;141115;100714;120742;128285;174119;355951;146959;132007;95725;137687;83681;115193;209937;121970;115040;128200;93975;165376;241773;
Feb-00;174152;72633;156797;96820;129605;137629;228163;110941;145284;112877;102030;122281;229606;136422;143046;102533;122781;129268;177761;352516;151118;135770;98810;141816;85462;116132;207134;130272;116907;128810;94469;170409;249505;
Mar-00;178339;73624;159939;98306;134098;141094;230541;111889;146463;116373;101218;121356;233873;138335;145377;104182;123504;130506;180996;360878;153883;136645;101880;145380;86723;118107;210007;132454;117684;130069;96776;176526;249858;
Apr-00;183101;73800;162988;99378;137261;144534;239659;114686;149701;118217;104055;123168;244244;141693;146687;106343;127249;132160;187454;376493;158072;142636;104421;148309;88976;119155;217531;134806;119787;136084;99081;183066;261213;
May-00;175041;75126;165737;101274;140113;147556;248815;117832;153334;120935;107371;127912;246593;143566;150698;108520;129652;133955;191388;382489;161339;145228;103960;151026;90941;122803;225531;133380;123844;142126;102387;184200;260800;
Jun-00;198191;76939;169025;102654;142654;150427;261773;120124;155191;122881;111237;135189;245884;148610;153953;110771;131651;138854;195606;372276;164611;149818;107435;152343;93272;123673;232298;137528;128893;146213;104173;187475;266373;
Jul-00;214852;78869;170521;104526;143702;151438;264647;121235;156899;124835;113784;138909;244307;151039;156711;111484;133753;141803;201103;384497;165708;148317;108336;156829;95877;126566;232119;142871;130589;146151;105135;190075;262937;
Aug-00;221952;80150;173966;106696;144148;153324;262124;120921;158659;125647;115377;142309;256550;155216;157833;111635;135555;145402;199567;388375;168037;151419;111816;159104;97636;126944;236930;149037;130727;145689;106415;196110;267330;
Sep-00;223175;81761;175610;108170;146654;153852;258782;123050;158829;126041;118005;142620;257847;153165;157220;112094;137805;144173;198954;397353;169491;154821;112515;160357;97896;130339;238716;155166;131005;146877;108439;195150;268578;
Oct-00;245062;82501;176603;108290;149447;153769;249224;124661;157042;127811;115955;141116;260127;149659;158301;113498;137915;140048;196817;371261;171714;157638;113887;156860;96888;131252;243684;159154;132208;147004;109161;189131;265928;
Nov-00;321773;82386;175250;108062;148553;153273;250927;125098;156617;127358;115946;139017;256594;150552;158930;115076;138797;137271;202011;386824;171133;161435;113914;155381;97619;131417;241545;157278;132784;150303;108303;186147;262800;
Dec-00;314772;81726;175320;109084;148529;153030;253022;125773;157342;127408;114567;137718;262106;149757;160060;116342;137783;137773;205834;392714;171603;160732;112293;154173;99677;130970;238962;153285;131955;147927;108054;187644;268812;
Jan-01;284262;82343;175475;111194;148306;153615;265515;127511;159483;125851;115168;139102;259723;154406;160152;115688;138252;143069;204628;407739;171213;160849;112637;156449;101578;131477;230335;154901;130511;150152;108104;192543;282566;
Feb-01;198137;83266;178108;111439;150110;154097;267786;128762;160992;127577;117034;141566;262334;154803;160027;117318;138408;146554;202308;394886;171737;155593;113752;157722;102268;132580;230621;154960;129928;149264;109479;196030;283984;
Mar-01;189033;84058;178226;112505;150628;154933;273059;127734;163828;128245;119767;147261;261777;156997;161573;117480;139011;147969;206572;406200;169882;155945;114770;161460;101770;133060;229361;156712;130747;154792;109564;196606;281982;
Apr-01;205494;83965;178813;111829;151874;156883;268947;125019;165509;130619;122775;150332;266792;157679;163383;119482;138946;147752;213431;418016;171664;157274;114231;162141;103036;134457;230973;156260;132385;157147;111125;198933;276752;
May-01;223459;85124;178636;112377;154762;158599;269837;125998;167827;131946;124136;153291;266686;161976;165677;119974;139920;150816;221715;417771;173684;164437;116455;162610;104871;136698;230165;163853;134704;160949;113053;205136;287045;
Jun-01;242435;86732;181194;113776;155900;160098;271558;129022;168655;134910;124483;154879;273159;166580;168839;122658;142791;151510;224506;423411;177536;167111;119134;164800;106640;139840;235017;170489;135751;163246;116171;207820;292515;
Jul-01;230700;89194;183941;116938;157755;161766;280482;132897;169734;136380;125711;155749;277209;168389;172003;124541;145971;155179;228078;434521;180584;169085;122179;168755;106835;142238;247014;170658;138220;165912;118344;210317;303695;
Aug-01;231632;90462;187691;119312;160832;164849;286872;135558;173686;139076;127161;157535;283705;170872;175232;126651;148787;157799;228758;451028;182159;169960;124313;172130;109276;144220;253143;167061;139329;167692;121751;209549;309873;
Sep-01;229806;92610;190954;121239;163139;167086;287807;137157;177658;141172;131223;157329;280671;169860;176904;129047;150342;161880;229523;438215;185946;169825;126776;171618;112468;147292;255011;165832;142594;169186;124842;212200;314580;
Oct-01;263887;93584;194320;121901;164317;170203;288837;138691;179856;143385;132882;160267;278128;173391;178078;131437;152206;161090;227413;424833;186103;168657;130252;173027;116956;150244;251600;168575;145102;170268;129079;212575;310590;
Nov-01;346458;95918;198610;123381;163992;170870;290868;140118;177919;144954;134608;160707;275412;170919;179300;132255;153238;160576;226131;412659;187917;167426;130291;175441;119033;153409;251210;172284;147508;171930;131280;209695;302516;
Dec-01;362204;96712;200792;122434;165833;172583;291559;141645;177139;144443;134892;162859;277431;175653;181834;132325;155652;159282;224757;412275;187446;170055;131207;178400;120426;153535;251549;172250;148143;169533;133329;210753;307169;
Jan-02;344239;98713;203249;124283;168671;173150;290461;143108;178154;144678;134327;165007;280576;173396;184582;132721;156059;163947;226068;407492;189539;177905;131763;180271;122669;153608;251202;173721;149153;170071;132999;211791;304679;
Feb-02;284015;100229;202713;124611;171147;172833;289270;144641;181826;145085;135252;164673;278990;174701;186779;134022;157914;165021;231520;406516;189132;178205;133857;181399;123808;153902;246813;174836;150547;172918;135039;211816;314895;
Mar-02;253697;101633;204694;126576;171357;172972;289615;146049;185613;147046;139366;167387;278959;177088;188198;136221;158633;165963;238189;414376;189180;179062;135280;184128;124846;155689;251782;175508;150800;177295;135544;213660;312817;
Apr-02;245313;103885;208077;127714;172097;173894;296979;148537;190470;149140;144155;165131;284501;181787;190141;136998;162963;164996;245034;440746;192404;176703;135654;185372;126328;159353;255256;179560;151987;179749;137582;222258;325626;
May-02;227281;105761;214594;131293;175552;177864;308913;151795;193306;151451;148484;170709;293491;189355;193423;141335;166455;167564;246648;467441;197285;181198;137314;188835;129553;162374;264703;183002;154537;181132;138977;231020;331670;
Jun-02;253130;108615;219793;134081;182500;182876;319466;154509;197100;154921;145616;174935;302987;193782;197825;145488;170565;172347;248584;486673;201145;186023;138461;191746;134249;166465;269410;186832;160846;186440;142690;237993;347473;
Jul-02;262428;111983;227129;137176;187986;188125;323154;157328;199214;159583;147355;185328;314411;202505;203051;150944;173341;176279;249039;497538;202909;192324;143013;197097;137144;169942;274088;186525;165802;188469;147919;240343;353874;
Aug-02;274016;115548;230537;139794;192243;193540;325074;160483;204196;163246;149380;189485;317689;207606;209016;154413;177120;179637;253403;490267;206661;200269;147156;201581;142354;175651;286131;189280;169495;191310;152343;245806;353259;
Sep-02;277047;118331;233748;143736;197198;198220;332370;163974;208311;169030;154112;194081;320564;208526;215299;157757;180199;183865;258495;486338;212565;203606;151412;205933;145652;179034;288467;192011;170863;192486;158905;247282;350582;
Oct-02;271941;122940;232184;147674;200451;200673;333820;167439;213391;173956;155861;194401;315646;210448;218203;162823;184423;185642;258255;474862;215958;203613;154276;207626;151408;181965;293829;191919;172734;199561;163081;245428;351142;
Nov-02;280283;127316;235730;150898;203800;201515;332036;171614;213914;178760;156495;196797;319143;212259;222319;166984;187185;187485;260017;484175;218134;201927;156624;211100;153855;183980;288680;192189;175178;201935;166378;243014;365271;
Dec-02;262197;131709;236506;153740;207775;204091;328996;174796;215626;180595;158655;195298;322552;218163;223334;169086;190909;188839;257882;468164;222347;204576;160359;213488;157601;190454;289911;190828;178378;206096;166195;243256;364181;
Jan-03;261645;134750;244239;156081;207790;207299;322511;177880;214973;182113;161222;197439;329178;217525;225645;170834;193806;192798;264412;466463;224875;205905;165803;217469;160247;195246;291796;194070;181962;206385;169942;246300;366519;
Feb-03;263992;138195;245752;156971;210608;211134;306183;179868;218803;184682;165825;200331;321415;217735;223024;173978;195772;193996;258846;452671;226229;207346;169972;217265;161952;198761;298387;190033;182932;208254;171680;248156;363275;
Mar-03;291969;142207;250708;159465;208885;211402;299760;181540;219128;188076;168575;200122;316027;216615;225332;176068;198077;193665;256381;455466;223739;203618;172141;216172;163807;200009;292377;190916;183159;206864;172572;248523;364158;
Apr-03;295174;142192;246175;161244;211477;212583;306134;183801;221546;188273;169465;197529;301625;216014;227626;178146;200618;191366;250831;456330;223337;201857;170721;215061;166330;197020;288975;195098;184737;208224;172688;248378;370044;
May-03;284860;142797;244449;163925;213799;213655;321380;185932;221371;189206;170428;199538;307257;217976;233540;178046;201706;193575;256521;452104;222683;197154;169817;215674;167642;199012;279880;202763;187991;208306;175423;252848;367964;
Jun-03;267208;141957;244464;166075;217834;215302;327338;187553;221573;189793;172951;200679;309347;218913;233366;178076;203484;196987;255116;464442;225155;196732;170644;216969;167281;199983;285492;203243;190259;208760;177061;251283;364480;
Jul-03;260204;142223;250826;168190;219436;216463;334896;187761;220705;192574;174037;206534;321781;223833;233851;179133;202502;202809;263354;455925;227790;198036;172207;220577;167561;205246;292121;202724;190809;206606;177200;254229;361780;
Aug-03;245449;142792;254882;168928;219191;216492;337758;186702;221299;193342;173374;202239;322322;223442;233017;179444;204660;202840;269031;454476;232658;203688;171611;223092;168209;206284;298188;202125;190394;208038;175879;257091;354093;
Sep-03;243184;141707;257504;167863;219051;219493;338320;188268;222089;193259;171949;202412;321219;222643;235364;182260;205899;203449;272336;448908;233924;206706;172035;225198;171968;208743;301336;204450;190487;207149;175410;262224;363351;
Oct-03;252980;145136;257724;168104;223658;221353;331384;189355;224164;194368;173905;200271;319898;221470;238435;183598;209120;200921;265432;459283;232964;206501;170366;223729;172906;210845;298287;201849;190457;206803;174870;261101;360222;
Nov-03;277515;146331;257772;167061;222469;222892;327200;190747;226069;195174;174891;202978;324283;223904;239536;185524;208752;202797;263284;471114;232017;206517;171763;226241;176841;211093;301064;202735;190466;207685;177734;254952;362524;
Dec-03;305556;149701;260059;169878;223823;223849;323782;190002;228550;196011;175889;202785;331317;223771;242445;184307;208096;203931;269480;488704;233996;206467;173550;227284;176507;210621;302113;205001;190136;211745;180451;255025;363182;
Jan-04;326913;150115;259868;169115;223971;224284;329660;190401;229859;195656;177101;207985;328761;224728;243354;185017;207222;206356;274778;495894;235488;212766;176913;232251;176329;212380;302973;206464;190195;212402;184384;255331;364542;
Feb-04;301092;152688;261559;173114;227110;227847;332300;190354;230519;195880;179158;206814;327738;226239;245389;186885;208924;207010;275434;506469;237659;211752;178311;230461;176489;214753;306591;208637;190673;214314;184587;257263;366039;
Mar-04;272731;153591;261478;173004;227753;229637;339717;192275;231657;196929;181747;215626;331533;229519;243904;190287;210814;206206;277706;504555;239521;213243;177692;227851;179859;218063;308336;213347;192155;210840;185933;261677;362899;
Apr-04;269514;154014;263774;176036;230879;232599;336670;194279;234888;200131;184719;213591;340684;232300;243283;191168;213142;208915;282088;490464;242238;213974;179110;229089;182634;221244;313674;215441;194608;214315;186612;264517;378992;
May-04;280062;154361;269023;176749;235298;231873;343102;196513;238668;205044;187003;214565;347520;231966;247296;193757;213222;213997;285108;488594;245145;216127;183462;231278;182238;221971;312684;219072;197569;216789;189153;268249;387159;
Jun-04;297421;156951;272859;179977;239200;232688;354540;199033;243308;208076;187009;210882;349700;233500;254110;195389;214923;217887;282674;492778;247341;220817;185328;238639;183560;222683;320264;216785;202145;222638;191249;273489;394039;
Jul-04;298293;159227;276811;181015;242024;233160;368811;200128;246214;209454;188353;212642;355963;237854;257768;196575;216563;217673;287037;534860;251907;223564;184963;240563;186131;223537;324732;218908;206055;222295;194032;280547;391718;
Aug-04;307094;160620;276712;183350;244169;237290;370139;201797;248541;210187;190624;219016;358497;242527;259562;196975;219495;218651;292355;547674;254989;230938;185037;245235;190368;226781;329563;218635;208743;225156;194118;284246;387130;
Sep-04;305126;162821;278219;183688;241685;239175;364530;202307;248637;212091;191213;222120;357918;246702;256244;199933;219807;223480;295199;559286;253122;233753;188616;249120;192660;229282;327566;220729;210029;225016;194742;285033;386130;
Oct-04;289912;164422;278320;183939;239922;240650;361902;204325;246355;212749;192177;226989;348945;243634;258933;205127;220023;225262;292817;523246;252908;230775;190003;247228;192757;229412;320810;222310;209698;225689;196152;280897;374054;
Nov-04;333075;165172;282306;185354;239703;240439;364408;205519;247226;212126;192071;230666;338637;244074;256766;205785;221945;223434;292578;517540;248400;227754;190486;244719;192817;230366;317197;222961;210496;224487;197816;277104;380433;
Dec-04;331161;164130;281320;184354;240567;243910;356394;206133;246591;211855;191549;231231;334676;242139;260893;205011;222273;221054;293591;484880;248371;227204;188781;240751;192322;224540;314102;219558;209585;225902;197755;271443;379609;
Jan-05;330363;164484;282820;186454;239247;243767;345132;206825;244937;211130;189219;230551;336816;245217;257111;202925;221717;222306;293762;477958;245040;226726;188192;242921;191246;226922;316809;219026;209205;228493;194194;274508;393894;
Feb-05;288867;162324;277154;183915;236620;242397;341746;204754;241052;211116;189204;229170;346280;243986;257059;203611;219852;222042;288181;480086;244935;224800;187800;244609;192277;223392;314194;216178;207733;226089;192179;278445;400299;
Mar-05;304851;161927;274216;184119;237428;238904;348785;204802;239429;211401;192632;228688;349363;244793;251164;203092;218712;220400;288641;489291;246080;220863;186851;245454;191365;226004;317435;221309;208081;225128;192514;283375;405885;
Apr-05;317398;162771;272772;183311;236872;238928;359728;202976;242940;212264;193388;226578;362157;241793;252761;202330;219045;218101;288103;507964;247395;221561;187387;244941;192854;222297;320604;224161;210105;229518;194379;287490;402955;
May-05;311442;164000;273841;184686;237562;241306;369411;204439;244911;214255;193666;221698;360542;243903;252667;202101;220477;222725;291803;518054;254013;222759;189785;246662;190856;224881;328421;225807;211344;227543;195431;287136;402717;
Jun-05;282866;165770;279515;187768;239887;242091;379377;203802;245663;213362;194593;219994;369193;244979;255996;203464;224088;223951;295461;527082;252876;227386;191904;246706;193028;225825;331299;225154;212564;227355;198182;285915;401073;
Jul-05;283641;162428;279928;186667;244437;240890;380976;204598;247401;213662;198118;223342;369952;248278;257427;203792;226213;226293;298333;540566;256554;233889;192330;248309;194183;226540;330099;223525;210958;219297;198532;288397;400865;
Aug-05;305351;164000;282066;188106;246147;239541;391166;203256;248384;211684;199233;227955;379162;251347;257613;203954;226830;222772;302706;529996;253237;235728;190430;247853;195870;227046;325284;226800;210938;221285;200141;290915;404889;
Sep-05;310906;163111;283148;187908;244752;237971;386496;203882;249674;212393;200148;234596;374904;249705;257170;205618;225352;225055;303348;542761;256960;237332;192725;249511;194370;228809;322138;228759;210881;220635;200104;289514;401667;
Oct-05;338837;164179;283024;189435;243405;237522;383714;204015;246674;211578;200622;230247;368196;247557;256085;206847;224284;224672;303764;532195;252041;231104;194980;247275;193764;228013;323562;227659;208818;222259;200675;282207;395130;
Nov-05;327256;162695;283421;188695;246766;236593;366351;204773;243406;213840;202391;229982;367354;243696;255039;206240;224279;224167;295605;540675;253615;232129;194486;245088;195198;228012;326104;225182;208103;226387;200694;280702;386803;
Dec-05;339626;162642;281611;187080;247157;237525;367259;204766;243992;213899;202913;232443;366988;244594;253900;204594;223949;222567;291277;555847;251130;231958;193544;245706;197653;229887;327478;225043;205837;233558;199861;281580;396443;
Jan-06;316121;162340;282334;188013;247766;240255;368710;204536;247594;214069;202180;238246;374797;250587;253829;202616;225770;226229;294170;565247;255200;236766;194170;244083;198196;232310;330499;225643;208052;236133;200760;284765;406413;
Feb-06;323653;163024;281120;187236;246055;241718;373670;207312;251239;213136;201112;240260;367483;251056;255883;204846;225183;229422;303689;569195;253180;234359;195055;246921;195776;233950;331927;226407;209393;232895;201812;285742;420423;
Mar-06;325106;162004;281674;187450;246766;243141;377340;208650;250284;212404;200844;239023;378032;255333;258052;206050;227319;231388;310486;570415;254284;235911;193740;246235;193713;232673;335319;227549;211152;228655;201594;294538;422314;
Apr-06;319580;164204;283206;189194;246980;243914;382933;209106;251679;214323;199346;241951;381058;253211;259436;208976;226108;233698;318786;581164;254843;237767;193773;252105;195140;233449;339898;230589;211560;234134;201965;299740;425662;
May-06;313126;166048;286462;189827;249086;244571;389596;208380;255038;215853;201997;244604;394582;255603;262515;208243;228713;235850;323469;590768;258061;246459;196774;253408;199912;234716;342562;237898;211970;237665;203055;306298;425645;
Jun-06;304977;169013;287725;191156;252877;247109;392849;209865;259625;218910;206043;252532;401934;262006;263327;209471;229688;238417;324999;599841;264705;249296;201256;254901;204067;237258;345831;241407;215029;241094;205951;310190;440489;
Jul-06;338307;170204;292435;189338;254617;249778;400432;212185;261997;220262;210341;255500;409231;268221;264668;211742;233734;237017;318535;606796;266619;254318;206370;257433;204821;240327;347123;247663;216749;240493;210994;316773;443770;
Aug-06;358438;171177;296104;193378;254297;253406;406666;214493;265047;222090;211949;261801;414495;274873;266525;215135;234560;239946;322125;609829;271132;257563;207741;261007;205592;242858;353711;248353;218347;245297;213044;322121;451560;
Sep-06;377545;170251;300381;194017;254399;254676;406025;216165;269299;224114;212312;264544;417455;275491;271094;216488;236147;242959;326007;603462;270980;261648;209194;265477;206486;245605;359347;250299;217113;250210;216862;325413;450582;
Oct-06;365177;170091;299832;196532;260294;257319;403221;216699;270345;225897;212934;267841;417621;274665;275403;217623;234735;245179;336427;604626;275061;262571;208575;264544;210510;246389;361508;256534;219908;253170;217643;326468;457769;
Nov-06;354438;171598;300765;196838;261574;258908;407617;218396;269520;226400;212536;267583;412029;272342;276450;216897;236037;243649;327602;630206;274154;261967;209788;267628;212391;247818;364931;257804;223135;256274;220037;326433;449109;
Dec-06;365755;174285;304015;198996;264329;261506;428775;219548;270808;227042;214414;265169;402320;273662;278194;217711;238868;240781;329443;644541;277785;263085;211908;270986;212813;249403;369305;262970;226278;260377;222776;332846;448641;
Jan-07;360923;176577;306484;199813;263524;261809;433901;222691;273569;228591;217207;267224;407093;278264;280501;217920;241030;242750;333999;682118;278832;267255;215136;277156;214193;252230;375900;258927;227012;264492;225087;337325;462061;
Feb-07;399437;177051;309910;199940;271086;263864;441611;223464;279643;230986;220127;270970;422518;285082;282077;220413;243110;245807;349878;695308;284563;272416;218382;280789;214554;254286;383529;263812;229220;265522;228926;346538;472341;
Mar-07;403144;179011;310377;201599;273226;264642;439974;225720;282097;232000;219652;276044;443098;285516;281473;224501;243651;250858;354272;712066;289235;279673;220063;283272;217956;258080;387737;276752;230815;268086;228273;347565;483535;
Apr-07;419005;179847;313521;203224;278703;269445;451966;226610;286146;233559;222934;276425;454434;291279;285297;228042;247038;250972;359539;718862;294524;283835;222754;287768;218737;258715;398047;288677;233852;274223;230686;359793;471224;
May-07;411183;181828;318831;205848;279638;271768;441267;228084;286842;235672;225765;281457;460662;297476;288255;233262;250418;254344;369616;718509;299721;290461;225837;292867;222008;263286;402455;297427;237514;283556;232135;367053;487287;
Jun-07;436079;183476;323805;208174;286921;275274;454121;230189;289264;241066;227730;282168;470556;307608;292148;235653;253128;254536;390211;723633;304342;300121;226856;298411;225445;265723;407292;295179;241342;288890;235926;371346;500039;
Jul-07;467348;185929;331745;211318;294878;278325;466114;233835;295486;248178;229651;291786;485738;312249;292860;238054;257857;263445;399124;746127;310981;305754;230082;300491;228414;271920;417304;296741;245600;295109;239500;378319;528035;
Aug-07;473887;187337;334689;211462;298465;282066;490494;238536;300586;254281;232465;301585;502895;316170;297849;237395;259959;267987;411567;779957;316737;315086;232734;309048;232671;274360;429700;296428;244675;300411;242899;388141;538993;
Sep-07;463525;190223;340987;210593;302371;285816;499913;240249;305955;256719;236410;313924;512596;326279;303734;239620;260670;273453;415463;830950;321174;318371;237984;313244;234415;276866;430730;295412;248035;300846;246078;394918;552248;
Oct-07;456422;191576;342548;211457;298208;288143;500648;242725;307579;255341;238107;312132;519192;327151;305423;241226;260233;274299;419155;808270;324522;320251;240480;316045;236584;277153;428431;296068;248831;302913;243918;395801;557076;
Nov-07;450831;193603;345869;215171;299353;291784;495249;244209;309936;255010;238093;309920;510196;323853;307271;242628;263276;271777;412009;777268;324972;316462;242734;307997;235942;275927;427783;303152;252643;298863;244998;391691;557540;
Dec-07;464277;192458;344219;218432;297571;293824;482569;247677;308303;255537;238202;301127;500711;315186;305018;243704;265693;272510;413153;767083;325149;309138;242823;307214;235744;274707;435685;307443;257717;303163;245782;386439;562740;
Jan-08;471861;194235;344480;220086;300895;293098;486659;248005;310173;256572;238450;308203;487907;313986;305837;244747;266873;272960;408031;810781;321799;307930;241511;309345;236617;275150;430126;303543;257529;300654;249909;381421;546512;
Feb-08;453707;193699;339644;219349;300462;290151;505472;246977;305649;257164;239629;306799;494452;315500;304970;243975;264530;272482;407776;832753;321374;303089;241557;312700;234151;275920;426086;294557;258579;308824;247972;376627;547328;
Mar-08;404849;196257;335896;218909;299020;286080;510059;245128;307788;254573;239432;313345;500204;312280;304807;242485;263024;271909;402113;808429;317365;304300;240255;314300;229874;275710;422956;290114;252133;316156;245837;380999;523788;
Apr-08;382571;192932;333836;215954;296954;284105;510072;243468;300884;254069;241051;316183;486032;314029;307941;240461;259771;268103;402948;762673;318958;305630;238143;313753;223486;275098;428110;297197;251699;321009;241305;375596;537718;
May-08;389733;193573;338033;215616;297339;283807;505894;242414;304014;252871;239680;324344;484647;319010;306896;239332;258195;273949;399480;760593;315910;302761;235961;312461;223903;273409;427191;299313;248424;320239;239640;376175;538747;
Jun-08;420665;190727;340825;212632;297161;282386;506171;239830;299363;251091;240905;332091;478043;317965;303930;236181;258128;272923;391881;766472;320612;296606;234730;312020;231056;272560;427990;305434;249482;307659;237698;369622;537791;
Jul-08;442352;191067;337540;210800;300839;280338;521992;237926;297370;249164;233729;325064;485893;312994;298900;232706;257672;270126;394994;822508;317350;295052;233088;306324;233407;271019;426115;301185;245202;301441;235584;367998;545556;
Aug-08;472397;189100;329269;208152;295776;275720;525296;238642;293303;243580;229121;318928;487355;295042;293193;231033;254271;262571;384846;806857;313744;296707;232535;302582;226064;268483;420440;300801;240818;295522;231836;356145;537817;
Sep-08;466082;184659;320831;207084;294673;271187;515019;233163;293399;240810;223029;303298;474370;288020;288110;227511;251645;257276;385328;811950;305354;302407;230692;294190;217829;261442;405966;288929;233543;291280;225870;359325;548286;
Oct-08;440012;177921;318948;203008;283265;266247;498394;226844;286906;236345;218606;299579;456204;284384;283282;220571;247077;253429;368259;754939;297327;289367;224613;288628;207060;251241;385048;278174;228683;288911;217345;351184;535957;
Nov-08;396155;174390;314868;197920;277453;262054;472362;216988;279322;228804;215387;299303;427747;288534;271284;212370;246224;242430;354036;754636;291456;275678;215363;273054;205992;240444;360266;272049;226015;268338;212138;345344;542802;
Dec-08;387178;169722;306110;192879;269258;257557;457290;212597;265723;225029;214614;294109;436520;279008;266652;206313;239553;237189;341817;725424;283509;266183;206955;268737;191782;232677;352375;263263;220316;255993;209504;325374;540059;
Jan-09;400317;166798;294598;193105;260421;255177;446897;207072;257539;218634;215205;297428;437667;268212;260775;204414;233126;234464;329224;668546;275113;262814;204674;271807;189086;227450;352455;264173;216291;251400;210847;319338;524989;
Feb-09;393361;161879;289251;188785;263886;249378;453141;204911;253953;219316;213422;284411;431609;260549;262042;204015;223916;234540;332314;627150;261903;262924;207167;277882;186697;225546;358995;257632;207917;259014;207677;320214;507140;
Mar-09;399220;156811;288719;187076;265889;245444;465563;202464;251130;214101;207864;292499;408519;263609;258325;207166;219679;228490;326811;598430;251763;255001;208631;275148;191434;221685;356226;255849;206511;264712;203666;323861;502387;
Apr-09;345338;152209;286601;181653;269542;241376;451643;202637;250917;214281;205269;267690;413985;261856;253662;205530;218722;224855;331763;622563;248155;247238;212483;262692;190233;221183;351764;252344;205540;256922;198869;323753;508550;
May-09;373504;148433;288396;182455;261460;242635;442606;200479;251077;213527;200544;264340;412346;262328;253717;202964;221726;225354;328389;664598;253003;251968;206198;260161;183363;224661;351843;251438;205722;255797;196298;330780;520436;
Jun-09;348751;150194;291608;183344;263297;246416;434898;199415;255022;220342;200256;251605;413659;269459;254539;199836;222638;229195;331470;719453;255067;258178;207083;254609;182436;232297;355781;255989;204523;254834;196354;345487;510955;
Jul-09;379109;154105;301141;186841;258776;248500;451204;200103;263724;222874;201148;271135;420388;278181;258644;203053;224728;234915;339509;770240;261318;270535;206000;261094;184975;236603;362856;258662;207908;247246;198089;353349;523937;
Aug-09;360545;156272;305077;189657;262863;248667;467171;201442;268788;227008;207186;277376;441605;281291;265098;205730;227083;242600;355363;782459;268167;273198;210836;271560;190484;238626;372389;264147;212511;240430;202191;350783;521952;
Sep-09;391138;155827;310670;191210;258999;251137;475211;203917;277406;226748;214017;290995;459258;289255;271563;207181;231533;245612;368899;763330;277842;276691;213894;280207;188168;238188;380410;270740;217195;247731;207632;350411;553714;
Oct-09;399867;156674;309970;193417;266586;254478;471298;205123;280529;228465;218572;294217;459307;295332;271793;208243;236110;245171;371504;736741;282397;282901;218426;281848;188467;242244;391209;269410;218550;264000;210786;354233;562888;
Nov-09;397909;157272;310970;194444;268663;257048;449490;206571;278843;228971;219851;300431;459311;296041;271765;210964;238531;243704;367154;753693;283163;284628;219844;280931;189741;241074;395323;268317;220575;279119;213323;357675;573101;
Dec-09;411955;160889;312235;196623;272443;258655;446413;210343;279575;229652;220537;294762;467825;288456;274511;212449;241518;246012;361012;755047;283400;281970;220454;281239;193524;243612;403432;265112;222170;277776;213488;354594;575113;
Jan-10;464436;162905;316926;197737;273218;260714;454547;211896;283234;232752;221333;295824;484953;295080;279519;212881;240248;250675;368461;794620;289691;285833;221052;286200;194632;245067;411912;274108;225973;277824;214784;356193;596236;
Feb-10;490525;163023;318995;201284;277315;263217;480598;217607;287882;236894;221962;298453;490933;301400;281609;216414;240016;253149;382429;778622;286628;286760;223812;283608;196745;248356;421222;282954;230356;279657;219368;367168;613473;
Mar-10;498241;162831;324873;202291;282686;264769;498893;219481;288740;239224;224266;297283;486871;307802;285076;216815;239575;254112;389436;820954;295871;295041;228020;291677;199933;247734;424030;286656;235157;285936;222308;373227;607614;
Apr-10;458246;162756;327955;202739;287902;266897;499767;222847;285639;239051;222902;298084;488087;304766;288144;217821;244122;252274;393892;818816;295162;294294;226054;294295;202170;244146;417128;292880;234859;288964;225011;379075;590583;
May-10;454928;164903;331168;199919;289076;270820;490244;220281;286726;238994;225583;294431;493877;310895;291560;218542;245413;252847;393357;855775;306282;297315;226194;301425;203815;242081;413234;294377;236701;284842;223346;381181;578829;
Jun-10;428120;167148;330965;199807;287809;272609;492592;219297;287130;242128;225440;305509;507768;317731;290749;219910;249689;253418;400083;821510;302788;298001;223274;302480;204238;242505;415708;303412;235295;283434;220083;385939;594354;
Jul-10;420234;168661;336380;200251;290683;273808;524202;217832;293318;245935;233860;304524;516558;322827;294287;223320;250974;260724;403080;845614;310333;303699;225648;305677;207952;247745;419732;303740;235635;280922;222931;390480;599540;
Aug-10;442597;170216;341812;201935;296378;276104;549963;219854;298161;248091;238091;308014;527536;322198;296892;224713;253690;264627;405537;826390;313366;308883;228217;306977;207821;254094;422722;305692;233041;284256;222520;387985;618616;
Sep-10;455290;170253;347747;202870;299864;276890;550372;220917;301225;246254;239809;307346;529332;326053;298265;224776;255746;271362;412468;863878;318736;307119;229261;310663;210674;262378;426091;302034;233303;282087;227125;381411;623291;
Oct-10;456016;170298;344010;200657;298963;276380;540612;220973;302710;245078;234856;304577;516386;321630;300140;225580;253763;262231;407174;859065;312668;302451;226811;311473;208508;264967;423661;295514;234395;284029;224120;372628;628964;
Nov-10;430305;169250;341702;200647;296776;275528;532976;217848;299906;244642;230941;296793;498875;324934;298913;222620;253606;258706;412746;877861;309684;294153;225502;306478;209060;264927;421437;291275;234597;280212;223285;359263;618176;
Dec-10;445016;166485;335004;200352;294081;274853;543887;214845;299238;246486;229791;295054;485906;318442;300839;221567;249057;255270;407998;884674;310512;292465;223141;299039;208056;264013;424126;294314;232561;280822;220346;359305;610704;
Jan-11;442413;163821;337575;200374;292494;275141;540301;213990;299150;246396;230261;294225;485394;316021;296317;217997;250781;258298;416960;860460;315323;290340;226810;299471;208687;265383;429859;305924;231401;283416;217838;366972;598580;
Feb-11;504009;162484;339623;200399;289551;271384;542726;214081;301738;243641;229168;300558;489560;321504;297450;215922;251482;261282;408596;844014;311584;293481;227706;298366;205504;266662;433669;312832;234298;286612;218775;375471;603248;
Mar-11;475353;161660;345258;198333;291692;270666;547549;213551;299740;240271;226218;294425;501662;320711;295634;215325;252504;264642;411201;879557;307489;293607;226623;300667;201980;266385;425867;309582;234942;291277;216578;383537;629536;
Apr-11;516319;162401;340441;201059;295596;271214;556409;213975;300859;238131;227707;304250;517488;328043;297676;216085;251265;266789;428175;959520;301401;298551;227760;298880;200682;259445;426903;303155;233579;292933;218535;386636;650659;
May-11;459477;162703;335305;201338;299164;276408;544622;213419;298099;234490;232675;302539;529410;319847;294993;219337;250060;267343;424732;939202;307574;300056;223084;304186;204107;256851;428183;302376;231347;290147;219335;392975;647256;
Jun-11;466525;162304;330259;201073;298660;275254;545294;214114;302247;234802;233462;304951;531488;323514;295228;221986;248750;264469;425166;911740;306942;304481;223984;303809;206952;256194;426807;308939;228305;282145;219149;393294;626108;
Jul-11;420435;160895;332255;199899;299866;275526;547387;215233;303832;236705;230915;308742;521991;331929;292704;223091;249620;265635;417268;877358;311674;304624;223761;306768;207741;262220;429591;321370;230503;277341;221138;389546;630766;
Aug-11;421486;163477;334216;199485;301268;272637;563690;215870;307331;243949;229331;312387;520571;342021;294175;219435;250786;268776;431157;912819;313480;312600;231769;313482;208896;264635;434882;329340;230092;282048;219626;396054;644666;
Sep-11;436019;166865;339125;202298;306604;276108;576482;217591;307754;246731;232159;323113;525124;344757;295736;218947;251566;269441;439120;931099;316079;313959;234624;319727;212026;264662;449384;324828;234651;288844;224327;392743;649456;
Oct-11;450034;167493;340673;202907;304678;277282;573535;216699;304246;246757;229647;317116;534270;330990;297763;220226;253520;268204;431861;916676;318089;316450;233385;316973;212406;261123;448735;315641;235020;290594;224940;388803;635376;
Nov-11;478809;164847;346353;201377;306240;278025;567064;218799;299592;246152;226494;323484;538787;320976;300745;223035;253903;261370;429756;950767;315898;310605;227744;308289;212496;260201;443367;305028;235541;292096;225477;381661;636095;
Dec-11;496291;162631;346653;199523;301760;278849;547657;217809;303095;245870;223508;318590;527140;317306;299313;223320;257143;259015;425253;919569;319354;309605;228960;302138;210485;259825;437198;311460;236642;289696;225147;386709;638417;
Jan-12;525723;163899;351280;197427;309545;276025;548416;217209;304690;245201;228109;324159;509472;319503;299885;220724;254453;257406;428084;929644;317886;308274;231108;301661;213513;257635;434898;314802;234452;287957;224074;398088;653185;
Feb-12;510537;163607;352048;199186;305248;278474;550841;217908;308315;241211;230169;310733;518105;323170;298115;220202;256005;260828;433723;933654;317949;313346;233838;304218;210451;258661;442194;316878;233933;281664;225214;391741;654620;
Mar-12;527408;164438;348611;198638;305560;276014;568979;218199;305323;238119;232273;309637;530217;325928;295844;220041;252970;257915;435820;941251;311914;314537;233358;305833;211701;258463;442765;315910;233526;277389;224065;389386;642527;
Apr-12;524290;164731;351150;199593;297525;277342;574962;221232;304805;238951;233684;311295;554482;331233;298046;219154;254685;260540;440525;970715;312482;318902;231970;306943;209250;262919;445566;316547;235097;275453;225589;384883;650452;
May-12;573532;166503;353469;200116;301924;277756;575996;221817;310931;241601;235996;316721;552495;337371;296495;219794;256016;262525;453351;974635;318792;323925;237463;312768;213290;266409;446787;330787;237808;273785;228914;402781;664967;
Jun-12;542518;168049;361667;202550;312586;281963;575350;223323;321734;246589;238693;321176;568853;342146;304640;220177;258456;267725;454417;1030803;322872;333273;240272;318602;212423;267446;457135;339161;238754;282399;232595;409834;704720;
Jul-12;543037;168007;362335;203974;323765;284387;600406;222293;329312;247630;241183;324416;580568;343104;303114;222616;261570;272301;435077;1032875;325938;335266;243277;323413;216463;270006;468670;348367;241191;283469;236796;422025;711877;
Aug-12;496168;166180;362586;205197;333734;286912;614424;222026;330626;252055;241372;333002;592532;347970;310417;221084;262453;273858;423993;1042777;329394;338402;243510;326136;214977;269620;470964;340003;239079;290365;236018;426869;739683;
Sep-12;525971;165304;367109;205409;323625;284967;613483;223036;326083;254222;240644;337489;588824;352264;310984;222992;265773;276542;429896;1058206;332547;334410;248600;326349;214194;272872;465848;337481;241415;289175;235161;429769;730967;
Oct-12;521769;165328;366527;205919;319367;286087;594506;223602;325862;255359;240144;334253;603876;353667;317282;223245;268133;276191;446416;1077366;336853;338429;250508;328431;211658;273061;456331;331381;242477;294067;231512;421102;736039;
Nov-12;521448;166508;365376;205592;314304;285692;596278;224418;329404;256117;239733;340411;594073;350272;313280;225451;268475;275008;461722;1071778;332016;334410;247602;321515;211473;269169;462003;334334;244327;293979;231968;415509;729044;
Dec-12;491529;167813;361371;206956;322171;288682;620351;226742;327288;254952;241770;342620;611487;349603;310752;223743;266729;274659;462059;1044834;336288;336416;245358;325045;214504;264683;466141;347839;244047;295734;236814;420718;745032;
Jan-13;465451;167919;362880;209192;325756;286846;627541;225826;325025;257977;243318;350965;601380;351746;306539;220136;265336;272498;477205;1067550;335602;331660;242540;329700;216276;262875;473974;342616;243568;293975;236856;429430;736489;
Feb-13;499207;169461;363064;210776;323825;285701;651998;224199;322278;254621;244673;352971;618330;355899;309376;220162;262471;270717;467113;1060810;337033;340893;244550;333548;217656;263623;474164;352307;243275;294610;239893;440103;733269;
Mar-13;527874;169414;363754;210530;323031;284151;635099;223504;321594;255208;246865;355011;616967;360946;310967;220311;261561;278596;473635;1076419;337695;346215;245291;328435;218740;267800;474810;330016;243096;287167;239644;434679;730982;
Apr-13;590685;169968;361907;210864;326444;287190;649540;224769;328639;250979;246977;357096;610841;360084;310669;222967;263019;286086;475031;1043141;341148;351136;251256;327570;220203;267003;481102;347840;242914;291850;244410;441132;771734;
May-13;578037;170475;364637;210206;328625;289506;651476;230346;331103;253467;249863;358152;619405;362275;312444;225170;268040;293606;479123;1086593;346125;346608;253145;331119;221686;268190;482861;351785;248213;293106;250011;439485;786436;
Jun-13;662700;172652;367754;210388;334341;294243;671439;234713;340097;255051;248787;362161;608411;351242;315396;224958;271751;290398;485856;1122471;342178;351150;257016;340065;224762;270454;489625;366355;250480;304280;251846;448359;793531;
Jul-13;651116;174604;377520;209984;336232;297145;685330;238170;344200;260420;251706;368133;626507;364192;321904;227203;272369;291505;491034;1159559;341029;361265;258118;347031;224133;277577;491192;363507;253394;306443;256557;455532;786473;
Aug-13;645847;173720;382032;213354;347721;301769;707359;240106;347294;266535;254633;379508;625932;374891;324906;226306;271615;296701;505021;1189245;341751;367315;264742;357293;224817;280870;504619;362033;254848;309365;258568;467455;779457;
Sep-13;529619;174761;385304;216048;353282;303569;705755;240106;348839;268408;258940;394813;656485;398046;326113;228985;273029;300388;510600;1217729;350119;377423;270976;364497;224015;282996;509786;372362;256554;311870;264711;484745;814185;
Oct-13;527374;176821;385629;218834;355725;306433;689918;242224;345781;271406;260391;392765;663808;399199;327432;231248;276683;303709;515581;1172514;354994;387491;277733;359064;223556;283749;512942;376014;260492;324529;266435;481145;834515;
Nov-13;546793;181910;390598;219391;361041;309176;662701;243100;349247;270460;263672;397692;663613;398221;330422;233489;278967;301046;529150;1168770;358743;394045;280693;356979;228005;285106;506504;376147;261968;339744;269068;482712;854946;
Dec-13;615401;183099;392168;222076;359846;314302;671215;246215;352969;274721;270966;402761;666670;390063;336604;236211;282296;301678;539846;1154073;362452;400387;283721;359231;229561;287656;503809;388016;265231;351674;273184;484071;857653;
Jan-14;625001;184884;398384;224321;365190;315709;695470;249311;364514;273452;276452;415053;666572;402646;338590;238220;282892;302920;548119;1204771;369306;395104;289574;377855;234334;289684;512942;396213;269434;355235;279085;497300;855067;
Feb-14;648359;185428;403842;226519;364592;318486;719848;253192;370620;275164;278805;423298;682454;400242;338070;241908;286928;303206;551565;1198222;376687;406243;292585;386133;234169;291687;516210;401256;272241;360798;287032;508624;879566;
Mar-14;654629;189877;411453;227503;367414;319079;720064;257225;377756;276980;276157;433503;681088;404695;339747;245103;287162;306569;557872;1209578;384835;401811;296958;392126;234548;289191;534264;395415;274934;367789;290182;516857;877610;
Apr-14;665262;193077;414855;232024;379175;327863;728942;265667;384904;281241;283714;440755;691362;402451;345558;250368;291282;304119;558630;1231111;391613;413723;301437;397960;242493;290221;554546;397814;277918;376185;295647;529300;890320;
May-14;682663;196620;421203;236204;391225;336866;746938;271044;395085;285433;290617;452304;696569;420346;352324;254228;300060;309377;570688;1263468;395975;423948;312790;408272;249075;293705;574048;417813;281159;380180;301593;542335;896171;
Jun-14;697309;198040;428806;242495;400902;347891;769628;274344;405196;289657;305405;460255;713339;436432;355958;257606;307903;313803;581267;1297755;404272;435515;316671;427036;257977;300479;586768;426532;284984;382091;309114;556614;923345;
Jul-14;724282;201936;438505;249853;404164;357092;787361;276361;413032;297080;304856;469550;740943;447313;361408;260948;313332;331298;599523;1345616;414460;446019;321964;436044;263542;306624;598031;437382;289552;380478;321200;564033;941641;
Aug-14;761544;204974;446443;255183;406619;362181;794040;283801;422701;304944;313802;480141;762631;456499;365767;266686;315051;341611;610837;1347030;426372;449302;327108;452101;270521;311111;607599;441662;297732;386156;329447;573212;949690;
Sep-14;753704;210412;450728;258619;414028;369784;803461;290460;423808;308965;311769;481366;773678;465220;374181;270886;318437;347664;620725;1344464;427663;462535;332222;446961;276292;312776;615843;456360;308556;391887;340698;570703;953216;
Oct-14;763369;213903;451041;258267;410328;372018;780638;294574;416777;312717;313948;483110;763041;470302;379166;273962;320560;346246;616689;1334423;425277;463981;331337;449145;278469;316407;610019;458334;313166;401870;342013;566964;955882;
Nov-14;762735;216631;448523;260539;412969;374420;769852;291730;413242;313472;311783;466708;746424;464235;386887;274137;321914;345727;601115;1365050;427596;457791;331716;434193;279108;321365;609362;457006;313785;399720;341818;554008;974047;
Dec-14;773768;218285;450577;261988;419643;372899;761594;290220;412835;315083;312911;470619;735096;459313;391894;277155;323862;341770;605026;1319380;429222;447526;335389;431896;279219;326699;605032;447423;310125;404511;341382;554231;975871;
Jan-15;783667;220070;461383;261751;422944;372856;769724;288819;412383;316066;317461;469391;732364;455942;390705;277717;330607;335140;616322;1313357;426903;441235;340347;424475;278132;325048;593230;447194;307545;407228;338714;553841;976649;
Feb-15;760550;222919;471363;261296;420874;370458;769171;290155;412002;316690;317091;480168;735010;452703;390585;279585;335058;329890;636242;1287616;421760;438618;343255;429907;279870;327256;591960;444794;310645;409419;337205;560272;979436;
Mar-15;767207;222417;473233;261084;423954;369932;756915;292750;411636;319393;315069;477175;743179;448991;387555;280771;338726;335900;630006;1306557;424484;443179;340786;434994;282742;326567;593410;445190;311025;405580;335743;561251;966294;
Apr-15;729148;222176;472033;261865;429921;370450;749621;295859;418826;321756;313539;494045;751604;454499;393544;280778;339858;339849;641172;1291645;430152;445243;341075;437947;287539;330582;605763;446846;314051;409026;339615;561530;945095;
May-15;762815;221826;466125;264488;440209;377118;745684;297565;422372;324721;319770;506157;763257;461902;396812;283068;342641;347485;644322;1306192;428175;459887;343797;444390;291590;328815;603859;457926;314507;422346;342505;556144;922584;
Jun-15;776509;227558;473322;267393;435951;382266;770154;299876;430234;328530;328022;515433;770977;468982;401895;284547;345462;349265;651604;1293028;429603;467797;349762;445612;293256;336843;607109;466242;316576;429689;350958;556660;928566;
Jul-15;779097;235702;470262;275330;438513;384313;793213;306206;439529;335381;338279;519469;772832;473659;406672;291467;348922;354912;646180;1328276;434523;484640;357304;464605;297453;342833;614134;475937;323505;426684;355647;568399;958776;
Aug-15;760243;241735;478796;280371;443363;389249;819744;313112;445829;344109;341028;525032;780423;488665;418115;294484;357137;358655;646005;1316116;449426;499510;360026;469370;301504;351663;632845;482319;327396;419834;366329;584059;935638;
Sep-15;767464;243479;484487;286281;449823;393831;833334;320175;453923;350230;341716;523696;779596;508006;424056;299875;364789;365749;657610;1353679;450685;508248;368741;480330;308543;355375;643019;485699;334099;421779;371423;589802;971985;
Oct-15;781358;243539;492110;286190;461860;401827;828316;323263;462653;353797;343040;522113;766034;514514;428842;304681;373030;364875;656970;1268780;450729;499211;370544;480044;313025;363224;654907;487629;335502;426901;380366;593325;963914;
Nov-15;741727;246955;499850;288718;455425;404754;816648;326504;474405;355746;346944;520052;762769;521418;428610;310577;376566;366734;652896;1295078;449013;487265;370217;489855;317550;368279;644455;485993;338619;440717;385214;592968;1013362;
Dec-15;713253;253145;501293;295744;468584;411124;796767;330486;475935;359625;360228;528858;771960;518352;435864;314588;380185;368802;638445;1264909;460578;484535;374745;490898;319493;369059;640645;488642;341717;444125;386441;594044;1013417;
Jan-16;736788;258758;512166;307550;469516;413460;808531;332811;470507;364189;365319;546502;770697;519383;437028;317749;384181;375818;638496;1335351;465254;491178;384975;487335;325990;371307;643448;495497;343907;458754;391911;596494;1024447;
Feb-16;765644;262861;509863;315289;482555;416897;827590;337821;471280;367809;365734;556675;773193;512198;444319;323930;390840;376991;628362;1294603;468323;501992;396968;482794;329609;377717;653025;498895;351088;460405;404347;593983;989059;
Mar-16;794754;266209;513342;314140;473554;418642;854686;342038;473105;372205;360461;566461;765505;510397;447038;331305;393897;382232;646021;1319174;470972;512536;399893;495205;336144;388151;662897;513356;354131;469410;411148;602144;971279;
Apr-16;805320;266744;517408;311889;485099;422301;838254;348190;477227;378215;366843;535303;778280;511922;451488;333585;394462;383043;640534;1303324;478030;514092;400772;503813;337626;388739;647205;514789;360226;456740;410743;604127;966369;
May-16;845579;268081;533676;314431;488299;425210;807401;352808;469890;382086;376366;515687;774019;524868;451186;337018;397012;392697;645784;1282708;488828;510867;404005;514101;343814;389069;654692;517878;363181;450421;403536;613096;1007474;
Jun-16;907965;269318;539830;320636;493629;432272;770905;358488;477207;384297;380772;500430;778276;530878;449362;339384;401761;388955;632660;1246352;495559;509850;404974;513336;351368;388322;654186;503827;369743;439720;405638;609995;1017286;
Jul-16;911827;274243;535272;325381;494641;439331;753956;363898;478453;387870;379564;515654;759729;541366;454260;347875;407913;395611;648907;1229599;497134;522676;410646;511128;355960;394381;677067;505216;373699;443471;413813;614052;1025448;
Aug-16;848269;279484;532358;326878;489421;443018;769512;369722;483847;394132;379424;525755;749875;531544;461109;350706;407473;398008;657819;1206813;491205;529867;409738;509855;359410;399449;670081;508908;376311;449287;415579;609803;986768;
Sep-16;780527;283654;534921;329408;499182;438327;786866;369069;477486;401714;378395;537761;730646;541346;461614;356744;405838;388796;647014;1226681;482733;530361;411194;505887;362358;403092;666263;518430;375152;463714;416108;612944;967520;
Oct-16;792664;286210;533793;330194;504665;430090;805146;368082;477266;400662;374524;546368;720857;537787;465172;355900;406859;384391;634621;1217676;484221;521630;406336;504287;359280;401347;639088;521833;374923;465362;420220;617956;961901;
Nov-16;818663;285853;526422;331943;502654;427363;830455;363662;475630;398233;371158;557602;723130;535334;459735;356721;407782;379542;637573;1295310;486864;517641;403531;489175;360642;398304;639469;515504;371407;467871;430893;615152;999384;
Dec-16;811786;285622;522223;331025;490418;429187;832126;363571;485390;394465;374293;548758;736963;535097;464037;350730;411479;391460;647853;1357231;490878;512058;398752;486293;353282;402169;637708;509843;369869;460400;433857;615144;1029585;
Jan-17;820305;282441;532924;330066;472373;436538;856070;363241;489364;391874;376668;561445;755421;551095;457832;352069;410397;399157;639571;1394421;487327;509710;401025;483395;355298;408457;655125;504332;365567;458312;435682;603455;1040211;
Feb-17;820665;280698;540501;328824;475608;436075;824403;367221;489687;386270;380159;551580;764387;567200;465420;354492;414500;400437;622393;1412255;491493;507254;403609;495772;359315;405705;654376;503545;366941;470186;430742;607906;1073991;
Mar-17;853943;278213;549401;328858;484944;435582;813907;368767;485942;383142;378680;535380;751021;558971;466479;357491;413466;410459;621583;1380049;485291;509025;411087;495230;364544;402920;661515;514568;371234;462762;437021;622345;1060969;
Apr-17;906146;280567;543699;329046;488416;435137;799226;369562;482245;389128;383770;513916;773941;545404;476522;354342;411933;410358;638977;1399839;490757;509498;406509;512213;365240;397410;663701;516808;376231;465198;429417;630713;1109054;
May-17;939912;286018;544994;333651;490062;440152;815494;368801;486263;396608;384705;504455;755143;548124;474678;351822;409104;404889;659548;1388174;490578;518127;407047;514738;365854;406697;671201;525316;377365;448448;432327;629146;1098770;
Jun-17;930979;289569;531344;336980;492335;443763;843239;373122;483875;401483;395263;533173;755917;559882;473769;354892;410610;395163;665437;1341276;498756;524987;405194;520540;362237;402585;674209;526415;379352;452345;425961;620501;1088417;
Jul-17;854798;291727;527928;344041;491003;445258;865076;377038;489318;403278;404447;547196;751824;568448;466812;363884;415980;394568;667847;1304186;495344;532804;414254;509666;363805;409097;674638;529381;380601;449170;435802;624170;1058953;
Aug-17;847422;290965;526223;344517;498192;444117;864580;378273;488418;403222;407505;572398;781175;568649;467853;367635;414570;402393;673655;1257578;493796;531315;417811;517399;361141;411116;682854;535685;382729;445665;437935;633826;1035583;
Sep-17;836674;292519;537986;339808;490673;443953;864603;378859;489068;404393;408407;575544;758911;567473;470769;369568;419452;397360;670683;1270090;497972;530268;423063;520322;369229;421401;674672;531669;382200;453992;444191;626582;1040700;
Oct-17;818477;293390;544090;335705;489039;443294;834802;375688;482447;398915;399907;574425;750648;558083;479341;367189;418375;397339;657949;1278113;498162;523673;417796;534091;368084;422354;669034;523452;381501;468857;442340;614717;1034779;
Nov-17;790159;293796;541563;336239;485285;445251;846354;375640;479332;397553;395636;561529;741539;544696;475681;366434;415390;394683;644362;1344311;492822;516202;416508;525729;361402;419148;651931;493680;381410;470788;440513;604817;1039759;
Dec-17;778002;292915;538718;340598;494515;445504;844416;374441;469146;395284;385851;557025;742878;549660;474005;365934;409263;404048;639371;1364185;485525;509180;408684;517135;349429;416712;650160;485749;377963;465625;441468;596879;1096072;
Jan-18;802129;291548;531832;342096;493882;446737;859593;372312;473631;395038;386739;551719;724501;548502;473778;363914;404925;402928;652264;1463378;489984;514176;407246;500413;343800;421816;639200;492039;376097;447751;446779;593915;1116111;
Feb-18;783266;292777;531736;341254;493621;445944;875078;371040;476731;397704;387993;553682;711087;558120;474510;365634;407208;401662;646991;1378878;492696;513042;405431;495289;347618;424246;636391;515235;371697;444211;447479;595071;1117408;
Mar-18;740799;291723;538120;339632;482967;441430;853396;366045;483878;397593;387587;533507;728771;549346;472443;365567;406259;393946;651933;1392610;494430;510284;406499;494905;352992;423790;639450;518699;376096;446384;441672;592506;1060664;
Apr-18;732351;291184;541502;338476;485434;440859;866438;368281;481101;396942;383039;529850;710090;555449;465391;369070;408618;387621;637412;1325081;493941;516207;409634;494428;360618;412072;649078;517934;375827;455910;430972;594836;1003535;
May-18;796399;290239;533088;336410;480836;437880;837928;370541;473140;398208;386676;540775;712342;550406;462891;370667;411591;390499;651023;1301729;501516;518958;414544;501888;363096;413991;656497;504447;379977;464488;430305;592915;980480;
Jun-18;789278;294236;524702;341480;492743;436971;850613;373886;476828;396700;388829;552611;712979;547413;465051;371658;415960;399965;655134;1306556;511260;525075;417444;516197;366703;415016;651404;500787;381296;454415;435316;600150;968778;
Jul-18;809697;294953;523397;345693;505028;440996;837712;374361;478376;397849;389348;553833;736864;555991;464941;373762;416300;404184;677798;1334876;510219;512374;413641;532752;368343;424170;662605;501446;385780;448966;444867;599239;966625;
Aug-18;784144;295908;533715;347531;519754;444573;827363;372035;485596;395213;387225;544979;738219;555531;464558;373002;414743;396290;667866;1418032;505055;503646;409974;530837;365932;423775;667088;506250;387410;440829;445652;605836;982356;
Sep-18;800875;296424;534951;346151;510930;449293;817464;371793;485266;394729;392511;537611;730652;560578;461838;373028;410924;388292;660512;1388037;495582;496034;409821;524612;366285;426557;677357;498888;382056;441546;447630;602060;1023157;
Oct-18;802869;299648;537284;344681;493489;447534;808321;370363;481233;397498;395920;545516;738746;547444;464762;372731;408510;392468;634943;1348121;492324;505330;417893;520123;361585;428131;658005;494358;381961;435775;441611;599208;1025837;
Nov-18;764207;302606;535060;344172;479104;445563;807225;368735;482905;394432;388355;543467;728693;545112;458449;371659;407232;400685;636823;1363458;491683;512389;416998;518470;357045;430708;649166;499136;377480;438834;438951;588550;1030332;
Dec-18;811694;301114;533810;343667;476356;443140;867795;364189;481922;397674;385911;548135;733360;544836;462278;372295;410922;401033;625190;1345805;486401;510922;410421;517613;354253;426823;645745;501604;375474;438896;439079;595504;965023;
Jan-19;865636;297181;528639;338708;479106;440624;867808;365096;483336;395616;385703;527573;722045;545524;453365;367019;413405;397052;635328;1285331;482032;501861;402343;512341;358029;420810;655056;500164;374145;434143;435182;587609;959408;
Feb-19;894520;293839;523679;339186;478494;439716;864014;364406;476648;397254;391921;532412;716796;544945;454375;364615;413658;390471;627072;1259858;475365;495661;398589;520035;363433;411355;656018;489117;374348;427634;436449;579893;917868;
Mar-19;853451;294065;516531;336680;475430;435996;808860;367440;467017;393926;385655;554701;716606;536737;445148;359738;409663;393245;628268;1218617;474572;497632;401465;505347;366830;405219;646356;489971;371934;429001;429355;572645;956111;
Apr-19;738797;295498;512343;339330;486253;431643;820812;363627;461458;393880;381586;570456;713758;529601;446825;358877;404953;394788;620328;1264889;474631;499236;400734;501459;366957;402053;639470;486308;368212;433632;432174;578173;993115;
May-19;719218;295092;503911;336981;481803;428093;838679;364097;465752;388591;380293;560534;716331;541877;443288;361269;401053;396767;626492;1233812;472574;495445;403910;487641;368550;401902;636737;497044;369566;428670;424655;579368;1021533;
Jun-19;761526;293889;512694;339324;474821;430002;871957;363420;474844;390708;388252;546344;713137;540626;447719;365336;395982;399687;625315;1291763;484676;503721;405009;498683;359953;408514;652859;494784;371680;428705;421958;574833;995108;
Jul-19;756407;297426;514668;338346;473849;434257;890288;365875;475592;388053;397828;555779;725253;550393;446095;367679;398547;397246;629281;1275437;502895;510045;410983;504702;359106;414968;657619;499663;373534;431290;418743;585174;948507;
Aug-19;813770;299421;528577;337523;488784;442189;863171;364540;474627;393033;396858;567269;729659;544194;450373;367502;397385;401911;643335;1248525;508405;519956;416885;517489;361920;421319;657974;496718;368908;441364;427416;592251;905951;
Sep-19;810455;304778;526670;333340;501533;441058;838170;365226;473162;386806;403730;573270;735538;553640;453155;366447;403945;406930;655061;1230181;504867;520403;420341;515391;368687;414268;648147;507466;372899;447629;432270;605559;922687;
Oct-19;826227;304579;525678;332920;494770;439178;804713;364413;477369;392721;401559;566979;719932;554123;453783;367102;403300;413132;645212;1190437;488211;515947;421258;509006;369972;411874;643769;513615;369917;452040;434921;600642;927735;
Nov-19;772325;304515;530343;333170;435981;436680;833740;368137;472583;392573;406345;555036;704862;554981;450924;365246;407117;409668;627326;1171530;490723;516851;413106;497753;363378;411038;648044;509103;375329;450984;437274;601393;950463;
Dec-19;757730;299771;522552;338347;425958;438397;814591;371863;469057;398928;399621;548846;714044;556925;447113;364995;404319;411968;640979;1226693;488979;521028;413585;495925;361100;420295;651269;508492;373450;454358;439623;604416;973498;
Jan-20;773786;303055;521434;336780;428085;434197;828578;372872;467419;389480;397511;555696;722291;553229;447344;360851;405030;411488;665893;1250473;489422;522587;409805;498940;365689;419704;658761;502601;371433;462762;443973;605210;1008880;
Feb-20;800016;302697;516660;339026;468311;433716;819659;372862;467258;389691;397389;570774;737298;540883;450393;363718;404051;411303;668883;1319106;487189;517146;413010;502402;371572;416970;654405;496049;372777;474711;436716;610322;1013861;
Mar-20;836241;301413;522115;339182;466250;432310;854443;371007;480330;392339;394446;578130;717721;543929;450484;365418;409234;409444;651932;1344120;486392;514006;412505;513961;366990;420539;654949;496620;375195;480145;436487;609325;1006660;
Apr-20;920444;293603;526689;341553;470601;433426;862077;370032;480314;395240;395917;579285;698951;544722;451482;369485;403517;401334;642190;1366508;486367;503116;412995;511327;360609;419057;665144;500245;376824;470444;440821;612598;1026785;
May-20;918209;293816;526033;339353;482808;425300;855338;373805;473283;391460;392507;576964;680111;549865;445417;367940;407142;396578;630653;1353405;482372;513274;416638;515916;363515;418540;688187;516452;371896;460079;444103;607048;944550;
Jun-20;882872;300526;518175;340893;484160;425444;837719;372414;463424;385347;387218;571464;718768;546376;441942;371148;403039;394693;641492;1300968;478540;520303;422939;519174;371624;412781;701625;509473;371088;445197;447790;596641;957831;
Jul-20;786627;304556;523280;344091;482303;428557;807904;377278;466117;386065;386101;584128;748437;547778;445805;373192;408573;394813;656971;1321047;484775;538635;422336;524383;375328;417394;695228;508674;373184;444565;443867;597441;917264;
Aug-20;827659;304924;529660;346680;497729;433423;824742;374030;483810;397145;389491;584804;758825;565432;452524;375067;410161;407761;678741;1344350;497936;538243;421910;528417;374037;420140;688624;506554;378301;454850;449510;611665;981248;
Sep-20;798499;301702;533619;345061;519562;435060;839032;377322;490928;399742;399104;607150;752481;570180;454163;373312;410314;418843;691114;1347733;499978;544458;427229;525931;368467;427270;689690;510643;381405;467584;450748;630857;941114;
Oct-20;836807;304852;530354;345405;522239;437146;827264;376775;492156;406689;400074;592287;732566;587339;457572;372050;414765;422508;687446;1302912;499236;543795;434287;540158;373991;430363;689039;516214;385399;474453;462072;628923;908255;
Nov-20;769392;305012;528816;346253;513101;445155;815443;381292;495014;405835;403991;597591;745044;581958;468407;373927;415695;429111;676687;1315400;493847;544844;440733;550211;377945;435811;693000;526873;389500;469783;470824;621452;902769;
Dec-20;801999;309560;532528;352261;495067;453389;786159;380132;495499;412872;401012;589272;728847;584144;474609;378206;426362;425582;661170;1350335;497768;538485;440485;555219;387427;440916;692690;540038;391577;468390;473238;607846;916414;
Jan-21;754194;312470;538684;355757;514525;456571;798150;379262;499012;416954;406713;591591;722886;588948;475678;380762;426739;427916;672027;1337176;500219;542712;441848;554031;384153;448155;690103;543832;393324;461773;473420;603658;930293;
Feb-21;725011;315749;537171;359324;516501;453632;798820;382159;500087;419952;405056;594583;704276;581410;480157;385079;427214;422585;677121;1257227;500975;531307;443626;545660;387639;449081;678194;527779;394658;465938;478591;596960;939560;
Mar-21;719703;312382;537973;361782;520407;456082;807673;387920;507784;422062;404344;589016;706625;576100;483276;385550;425265;426399;682059;1207253;505173;535149;447539;548742;389223;447309;681999;520337;396111;456990;481703;599847;951078;
Apr-21;728497;313131;530778;362053;502074;460585;815247;391035;509540;420699;403407;575163;729781;559927;488941;387191;427909;435617;661868;1189762;502483;531281;444759;542716;385142;449764;690475;509005;395429;454881;479492;600246;939173;
May-21;720954;312431;533319;361919;506917;464873;811080;391237;508369;418236;401171;565534;735758;558835;489516;388063;427822;427376;668102;1223351;504367;543244;433140;540692;380126;451936;701320;507543;395318;438160;476898;600170;908209;
Jun-21;729879;317235;541297;364464;514056;470431;814571;393198;507916;419803;408487;580764;742819;560601;489794;389441;428093;427003;665423;1230797;511798;535825;430257;541278;382971;455606;698801;507754;396833;441463;474204;602200;888343;
Jul-21;-;319550;536013;366452;528684;466447;906099;389730;515141;421159;398458;594504;827704;610025;483699;392434;427354;417356;700197;1321924;518251;508702;417458;544610;366702;461490;719159;519188;401044;459967;493008;602540;922331;
Aug-21;-;322496;544559;373547;533696;473570;921525;393246;515422;433986;407976;643720;860868;637896;486334;392817;440634;441098;695774;1396618;528749;507062;431887;559115;379483;470113;736113;534447;401379;466571;502105;614932;1016725;
Sep-21;-;329287;533093;375156;542095;483955;895902;391879;525536;440813;414810;657278;841495;650509;508344;401412;446340;431281;700001;1386350;545618;542030;422044;555226;365357;480340;735675;536756;415228;440847;505389;599124;965766;